{
  "mapS": 0.1931877680083473,
  "mapM": 0.3889295538734607,
  "mapL": 0.4590197680110535,
  "AP": 0.335912210232269,
  "AP50": 0.6496912564342454,
  "AP75": 0.30778529615433087,
  "source": "ultralytics.utils.coco_eval_bbox_mm.COCOevalBBoxMM from uploaded ultralytics.zip"
}
