{
  "mapS": 0.27514793507092844,
  "mapM": 0.4813538245433533,
  "mapL": 0.6106843150596313,
  "AP": 0.43878262595779904,
  "AP50": 0.7667756185550708,
  "AP75": 0.421710905506651,
  "source": "ultralytics.utils.coco_eval_bbox_mm.COCOevalBBoxMM from uploaded ultralytics.zip"
}
