{
  "mapS": 0.1849125711297055,
  "mapM": 0.39805285192765244,
  "mapL": 0.49199522990907435,
  "AP": 0.3396739825579284,
  "AP50": 0.642832116642436,
  "AP75": 0.31504915422547203,
  "source": "ultralytics.utils.coco_eval_bbox_mm.COCOevalBBoxMM from uploaded ultralytics.zip"
}
