{
  "mapS": 0.2689185006703022,
  "mapM": 0.49025252125530977,
  "mapL": 0.6296168124457935,
  "AP": 0.44155137301873665,
  "AP50": 0.7626334643469452,
  "AP75": 0.42733583158488614,
  "source": "ultralytics.utils.coco_eval_bbox_mm.COCOevalBBoxMM from uploaded ultralytics.zip"
}
