{
  "mapS": 0.28497204564202394,
  "mapM": 0.49197689402065103,
  "mapL": 0.6145177663959377,
  "AP": 0.44737135160365715,
  "AP50": 0.7722444045795195,
  "AP75": 0.4366135480057881,
  "source": "ultralytics.utils.coco_eval_bbox_mm.COCOevalBBoxMM from uploaded ultralytics.zip"
}
